Название профессии,Ссылка на картинку
Кардинал,https://db.bsfg.ru/wp-content/uploads/2018/10/kardinal.jpg
Паладин,https://db.bsfg.ru/wp-content/uploads/2018/10/paladin.jpg
Рыцарь ада,https://db.bsfg.ru/wp-content/uploads/2018/10/kh.jpg
Феникс,https://db.bsfg.ru/wp-content/uploads/2018/10/phoenix.jpg
Полководец,https://db.bsfg.ru/wp-content/uploads/2022/10/commander.png
Гладиатор,https://db.bsfg.ru/wp-content/uploads/2018/10/glad.jpg
Гвардеец,https://db.bsfg.ru/wp-content/uploads/2023/10/gvardeec.jpg
Отступник,https://db.bsfg.ru/wp-content/uploads/2020/02/apostate.jpg
Мститель,https://db.bsfg.ru/wp-content/uploads/2018/10/mstitel.jpg
Ремесленник,https://db.bsfg.ru/wp-content/uploads/2018/10/remeslenik.jpg
Архимаг,https://db.bsfg.ru/wp-content/uploads/2018/10/arhi.jpg
Инквизитор,https://db.bsfg.ru/wp-content/uploads/2018/03/inkvizitor.jpg
Лорд войны,https://db.bsfg.ru/wp-content/uploads/2018/10/lord_voini.jpg
Рыцарь,https://db.bsfg.ru/wp-content/uploads/2018/10/ritsar.jpg
Крестоносец,https://db.bsfg.ru/wp-content/uploads/2020/09/crusader.png
Авантюрист,https://db.bsfg.ru/wp-content/uploads/2018/10/avanturist.jpg
Искатель сокровищ,https://db.bsfg.ru/wp-content/uploads/2018/10/iskatel_sokrovish.jpg
Рейнджер,https://db.bsfg.ru/wp-content/uploads/2018/10/reindger.jpg
Охотник за головами,https://db.bsfg.ru/wp-content/uploads/2022/04/hh.jpg
Астралист,https://db.bsfg.ru/wp-content/uploads/2018/10/astralist.jpg
Священник,https://db.bsfg.ru/wp-content/uploads/2018/10/svyashenik.jpg
Заклинатель,https://db.bsfg.ru/wp-content/uploads/2018/10/zakl.jpg
Храмовник,https://db.bsfg.ru/wp-content/uploads/2018/12/hramovnik.jpg
Демонолог,https://db.bsfg.ru/wp-content/uploads/2018/10/demonolog.jpg
Криомант,https://db.bsfg.ru/wp-content/uploads/2021/03/kriomant.jpg
Лесной страж,https://db.bsfg.ru/wp-content/uploads/2023/10/lesnoi-straj.jpg
Чемпион,https://db.bsfg.ru/wp-content/uploads/2018/10/chempion.jpg
Охотник,https://db.bsfg.ru/wp-content/uploads/2018/10/ohotnik.jpg
Отшельник,https://db.bsfg.ru/wp-content/uploads/2018/10/otshelnik.jpg
Налетчик,https://db.bsfg.ru/wp-content/uploads/2022/10/raider.png
Серафим,https://db.bsfg.ru/wp-content/uploads/2022/10/seraphim.png
Элементалист,https://db.bsfg.ru/wp-content/uploads/2018/10/elementalist.jpg
Магистр,https://db.bsfg.ru/wp-content/uploads/2018/10/magistr.jpg
Ментальный кузнец,https://db.bsfg.ru/wp-content/uploads/2018/10/mental_kuznec.jpg
Менестрель,https://db.bsfg.ru/wp-content/uploads/2018/10/menestrel.jpg
Рыцарь света,https://db.bsfg.ru/wp-content/uploads/2018/10/ritsar_sveta.jpg
Следопыт,https://db.bsfg.ru/wp-content/uploads/2018/10/sledopit.jpg
Наемник,https://db.bsfg.ru/wp-content/uploads/2020/02/naemnik.jpg
Разведчик,https://db.bsfg.ru/wp-content/uploads/2018/10/razvedchik.jpg
Снайпер,https://db.bsfg.ru/wp-content/uploads/2018/10/sniper.jpg
Оракул,https://db.bsfg.ru/wp-content/uploads/2018/10/orakul.jpg
Мудрец,https://db.bsfg.ru/wp-content/uploads/2018/10/mudrec.jpg
Чернокнижник,https://db.bsfg.ru/wp-content/uploads/2018/10/chernoknijnik.jpg
Темный храмовник,https://db.bsfg.ru/wp-content/uploads/2018/10/temniy_hramovnik.jpg
Падший,https://db.bsfg.ru/wp-content/uploads/2020/02/padshiy.jpg
Ведьмак,https://db.bsfg.ru/wp-content/uploads/2018/10/vedmak.jpg
Расхититель гробниц,https://db.bsfg.ru/wp-content/uploads/2023/10/rashihtitel_grobnic.jpg
Ликан,https://db.bsfg.ru/wp-content/uploads/2018/10/likan.jpg
Вампир,https://db.bsfg.ru/wp-content/uploads/2018/10/vampir.jpg
Сталкер,https://db.bsfg.ru/wp-content/uploads/2018/10/stalker.jpg
Хищник,https://db.bsfg.ru/wp-content/uploads/2020/09/predator.png
Жнец,https://db.bsfg.ru/wp-content/uploads/2022/04/reaper.jpg
Адепт,https://db.bsfg.ru/wp-content/uploads/2018/10/adept.jpg
Некромансер,https://db.bsfg.ru/wp-content/uploads/2018/10/nekr.jpg
Художник,https://db.bsfg.ru/wp-content/uploads/2018/10/hudojnik.jpg
Танцор смерти,https://db.bsfg.ru/wp-content/uploads/2018/10/tancor_smerti.jpg
Темный рыцарь,https://db.bsfg.ru/wp-content/uploads/2018/10/temniy_ritsar.jpg
Призрак,https://db.bsfg.ru/wp-content/uploads/2018/10/prizrak.jpg
Убийца,https://db.bsfg.ru/wp-content/uploads/2018/10/ubiyca.jpg
Фантом,https://db.bsfg.ru/wp-content/uploads/2018/10/fantom-1.jpg
Тень,https://db.bsfg.ru/wp-content/uploads/2018/10/ten.jpg
Жрец,https://db.bsfg.ru/wp-content/uploads/2018/10/jrec.jpg
Фанатик,https://db.bsfg.ru/wp-content/uploads/2018/10/fanatik.jpg
Монах,https://db.bsfg.ru/wp-content/uploads/2018/11/monah.jpg
Ядомант,https://db.bsfg.ru/wp-content/uploads/2022/10/venomancer.png
Палач,https://db.bsfg.ru/wp-content/uploads/2018/11/palach.jpg
Деспот,https://db.bsfg.ru/wp-content/uploads/2018/11/despot.jpg
Центурион,https://db.bsfg.ru/wp-content/uploads/2023/10/centurion.jpg
Вождь,https://db.bsfg.ru/wp-content/uploads/2020/02/chief.jpg
Росомаха,https://db.bsfg.ru/wp-content/uploads/2018/11/rosomaha.jpg
Всадник,https://db.bsfg.ru/wp-content/uploads/2018/12/vsadnik.jpg
Мародер,https://db.bsfg.ru/wp-content/uploads/2018/11/maroder.jpg
Варвар,https://db.bsfg.ru/wp-content/uploads/2022/10/barbarian.png
Шаман,https://db.bsfg.ru/wp-content/uploads/2018/11/shaman.jpg
Старейшина,https://db.bsfg.ru/wp-content/uploads/2018/11/stareishina.jpg
Разрушитель,https://db.bsfg.ru/wp-content/uploads/2018/11/razrushitel.jpg
Изверг,https://db.bsfg.ru/wp-content/uploads/2020/09/izverg.jpg
Громила,https://db.bsfg.ru/wp-content/uploads/2018/11/gromila.jpg
Кузнец,https://db.bsfg.ru/wp-content/uploads/2018/11/kuznec.jpg
Мясник,https://db.bsfg.ru/wp-content/uploads/2018/11/myasnik.jpg
Тиран,https://db.bsfg.ru/wp-content/uploads/2018/11/tiran.jpg
Целитель,https://db.bsfg.ru/wp-content/uploads/2018/11/celitel.jpg
Знахарь,https://db.bsfg.ru/wp-content/uploads/2018/11/znahar.jpg
Лаборант,https://db.bsfg.ru/wp-content/uploads/2018/11/laborant.jpg
Сапер,https://db.bsfg.ru/wp-content/uploads/2018/11/saper.jpg
Страж,https://db.bsfg.ru/wp-content/uploads/2018/11/straj.jpg
Специалист,https://db.bsfg.ru/wp-content/uploads/2018/11/specialist.jpg
Архитектор,https://db.bsfg.ru/wp-content/uploads/2018/11/arhitektor.jpg
Гренадер,https://db.bsfg.ru/wp-content/uploads/2018/11/grenader.jpg
Берсеркер,https://db.bsfg.ru/wp-content/uploads/2018/11/berserker.jpg
Хронос,https://db.bsfg.ru/wp-content/uploads/2018/11/hronos.jpg
Тактик,https://db.bsfg.ru/wp-content/uploads/2021/03/taktik.jpg
Алхимик,https://db.bsfg.ru/wp-content/uploads/2018/11/alhimik.jpg
Изобретатель,https://db.bsfg.ru/wp-content/uploads/2020/02/inventor2.jpg
Боевой кузнец,https://db.bsfg.ru/wp-content/uploads/2018/11/boevoy_kuznec.jpg
Горный король,https://db.bsfg.ru/wp-content/uploads/2018/11/gorniy_korol.jpg
Каменный страж,https://db.bsfg.ru/wp-content/uploads/2023/10/kamenii_straj.jpg
Электро,https://db.bsfg.ru/wp-content/uploads/2018/11/elektro.jpg
Диверсант,https://db.bsfg.ru/wp-content/uploads/2018/11/diversant.jpg
Доктор,https://db.bsfg.ru/wp-content/uploads/2018/11/doctor.jpg
Эксперт,https://db.bsfg.ru/wp-content/uploads/2018/11/ekspert.jpg
Легионер Буревестников,https://db.bsfg.ru/wp-content/uploads/2018/11/burevestnik.jpg
Легионер Колибри,https://db.bsfg.ru/wp-content/uploads/2020/02/kolibri.jpg
Легионер Кондоров,https://db.bsfg.ru/wp-content/uploads/2018/11/kondor.jpg
Легионер Альбатросов,https://db.bsfg.ru/wp-content/uploads/2018/11/albatros.jpg
Легионер Орлов,https://db.bsfg.ru/wp-content/uploads/2018/11/orel.jpg
Легионер Ястребов,https://db.bsfg.ru/wp-content/uploads/2018/11/yastreb.jpg
Легионер Рух,https://db.bsfg.ru/wp-content/uploads/2022/04/ruh.jpg
Легионер Воронов,https://db.bsfg.ru/wp-content/uploads/2018/11/voron.jpg
Легионер Финистов,https://db.bsfg.ru/wp-content/uploads/2018/11/finist.jpg
Легионер Гарпий,https://db.bsfg.ru/wp-content/uploads/2018/11/garpia.jpg
Легионер Филинов,https://db.bsfg.ru/wp-content/uploads/2018/11/filin.jpg
Легионер Стрижей,https://db.bsfg.ru/wp-content/uploads/2018/11/orel.jpg
Легионер Беркутов,https://db.bsfg.ru/wp-content/uploads/2018/11/berkut.jpg
Легионер Драконов,https://db.bsfg.ru/wp-content/uploads/2018/11/drakon.jpg
Легионер Грифов,https://db.bsfg.ru/wp-content/uploads/2018/11/grif.jpg
Легионер Стервятников,https://db.bsfg.ru/wp-content/uploads/2018/11/stervyatnik.jpg
Легионер Соколов,https://db.bsfg.ru/wp-content/uploads/2018/11/sokol.jpg
Легионер Стерхов,https://db.bsfg.ru/wp-content/uploads/2023/10/sterh.jpg
Легионер Сов,https://db.bsfg.ru/wp-content/uploads/2018/11/sova.jpg
Легионер Коршунов,https://db.bsfg.ru/wp-content/uploads/2018/11/korshun.jpg
Предсказатель,https://db.bsfg.ru/wp-content/uploads/2022/11/predictor.png
Мастер рун,https://db.bsfg.ru/wp-content/uploads/2022/11/runemaster.png
Дрессировщик,https://db.bsfg.ru/wp-content/uploads/2018/11/dressirovshik.jpg
Коллекционер,https://db.bsfg.ru/wp-content/uploads/2023/10/kolekcioner.jpg
Пастырь,https://db.bsfg.ru/wp-content/uploads/2021/10/pstr.jpg
Друид,https://db.bsfg.ru/wp-content/uploads/2018/11/druid.jpg
Сильф,https://db.bsfg.ru/wp-content/uploads/2023/10/silf.jpg
Миротворец,https://db.bsfg.ru/wp-content/uploads/2019/03/mirotvorec.jpg
Лунный рыцарь,https://db.bsfg.ru/wp-content/uploads/2020/09/MoonKnight.png
Странник,https://db.bsfg.ru/wp-content/uploads/2018/11/strannik.jpg
Гамбит,https://db.bsfg.ru/wp-content/uploads/2020/09/gambit_b.jpg
Псионик,https://db.bsfg.ru/wp-content/uploads/2018/11/psionik.jpg
Бишоп,https://db.bsfg.ru/wp-content/uploads/2020/09/bishop1.png
Разбойник,https://db.bsfg.ru/wp-content/uploads/2019/03/razboinik.jpg
Кaратель,https://db.bsfg.ru/wp-content/uploads/2021/10/krtl.jpg
Сирена,https://db.bsfg.ru/wp-content/uploads/2020/09/siren.png
